Pays,Code_ISO,Region,PIB_2024_Mds_USD,Population_2024_M,PIB_par_habitant_2024_USD,IDH_2024,Croissance_PIB_2024_Pct,Exportations_2024_Mds_USD,Importations_2024_Mds_USD,Balance_Commerciale_2024_Mds_USD,Export_Produit_1,Export_Produit_2,Export_Produit_3,Export_Produit_4,Export_Produit_5,Import_Produit_1,Import_Produit_2,Import_Produit_3,Import_Produit_4,Import_Produit_5,Partenaire_Export_1,Partenaire_Export_2,Partenaire_Import_1,Partenaire_Import_2,S_P_Rating_2024,Moodys_Rating_2024,Fitch_Rating_2024,Scope_Rating_2024,Date_MAJ_Notations,Risque_Global_2024,ZLECAf_Ratifie,Date_Ratification_ZLECAf,Sources_Principales,STATUT_VALIDATION,Derniere_MAJ,Annee_Reference_Donnees,Valide_par,Notes,Ports_Internationaux,Ports_Domestiques,Aeroports_Internationaux,Aeroports_Domestiques,Chemins_Fer_KM,Dette_Exterieure_Pct_PIB,Cout_Energie_USD_kWh
Afrique du Sud,ZAF,,377.782,63.2,5978,0.713,1.8,108.2,98.5,9.7,Platine (12%),Or (10%),Charbon (9%),Minerai de fer (8%),Diamants (7%),Pétrole brut (12%),Machines et équipements (25%),Véhicules (10%),Produits chimiques (8%),Produits alimentaires (6%),Chine (15%),États-Unis (7%),Chine (18%),Allemagne (11%),BB-,Ba2,BB-,BB-,2024-09,Élevé,Oui,2019-01-31,"PNUD 2024, Banque Mondiale 2024, FMI 2024, OMC 2024, Agences notation 2024",Données 2024 complètes et validées,2024-09-16,2024,Agent_ZLECAf_2024,Fichier enrichi 2024 avec commerce international et produits détaillés
Algérie,DZA,Afrique du Nord,278.0,45.5,6109,0.745,3.5,38.2,33.7,4.5,Pétrole brut (35%),Gaz naturel (30%),Produits pétroliers raffinés (15%),Engrais (8%),Produits chimiques (5%),Machines et équipements (20%),Produits alimentaires (18%),Véhicules (12%),Produits pharmaceutiques (10%),Textiles et vêtements (8%),Italie,Espagne,Chine,France,B+,NR,NR,NR,2024-09,Élevé,Oui,2019-02-02,"FMI WEO Oct 2024, Banque d'Algérie, INS Algérie",Validé,2024-09-16,2024,Agent_ZLECAf_2024,"PIB corrigé 278 Mds USD, 3e rang africain",11,8,15,28,4200,18.5,0.04
Angola,AGO,,124.2,35.4,3508,0.586,2.8,42.8,18.3,24.5,Pétrole brut (92%),Diamants (4%),Produits pétroliers raffinés (2%),Café (1%),Poissons (1%),Machines et équipements (30%),Véhicules (15%),Produits alimentaires (20%),Produits chimiques (10%),Textiles (8%),Chine (55%),Inde (8%),Chine (20%),Portugal (12%),B-,B3,B-,B-,2024-05,Élevé,Oui,2020-10-06,"PNUD 2024, Banque Mondiale 2024, FMI 2024, OMC 2024, Agences notation 2024",Données 2024 complètes et validées,2024-09-16,2024,Agent_ZLECAf_2024,Fichier enrichi 2024 avec commerce international et produits détaillés
Botswana,BWA,,20.4,2.4,8500,0.693,4.2,7.2,6.8,0.4,Diamants (85%),Cuivre-nickel (7%),Viande bovine (4%),Textiles (2%),Produits chimiques (2%),Produits alimentaires (22%),Machines et équipements (20%),Véhicules (15%),Carburants (12%),Produits chimiques (10%),Belgique (20%),Inde (18%),Afrique du Sud (58%),Canada (8%),A-,A2,A-,A-,2024-08,Faible,Oui,2023-02-16,"PNUD 2024, Banque Mondiale 2024, FMI 2024, OMC 2024, Agences notation 2024",Données 2024 complètes et validées,2024-09-16,2024,Agent_ZLECAf_2024,Fichier enrichi 2024 avec commerce international et produits détaillés
Burkina Faso,BFA,,20.9,22.7,921,0.449,5.5,4.1,5.8,-1.7,Or (75%),Coton (15%),Animaux vivants (5%),Noix de karité (3%),Sésame (2%),Produits pétroliers (20%),Machines (18%),Produits alimentaires (15%),Véhicules (12%),Produits chimiques (10%),Suisse (45%),Inde (12%),Chine (12%),Côte d'Ivoire (11%),B,B2,B,B,2024-02,Élevé,Oui,2019-05-27,"PNUD 2024, Banque Mondiale 2024, FMI 2024, OMC 2024, Agences notation 2024",Données 2024 complètes et validées,2024-09-16,2024,Agent_ZLECAf_2024,Fichier enrichi 2024 avec commerce international et produits détaillés
Burundi,BDI,,3.8,12.9,295,0.426,3.5,0.2,1.1,-0.9,Café (60%),Thé (15%),Or (10%),Minerais de cobalt (8%),Peaux et cuirs (7%),Produits pétroliers (25%),Machines (20%),Véhicules (15%),Produits alimentaires (12%),Produits chimiques (10%),Allemagne (25%),Belgique (15%),Chine (18%),Arabie Saoudite (12%),B-,B3,B-,B-,2024-01,Élevé,Oui,2021-06-17,"PNUD 2024, Banque Mondiale 2024, FMI 2024, OMC 2024, Agences notation 2024",Données 2024 complètes et validées,2024-09-16,2024,Agent_ZLECAf_2024,Fichier enrichi 2024 avec commerce international et produits détaillés
Cameroun,CMR,,47.3,28.1,1683,0.563,4.2,6.8,8.2,-1.4,Pétrole brut (40%),Cacao (15%),Bois (12%),Café (8%),Coton (7%),Machines et équipements (25%),Produits pétroliers (18%),Produits alimentaires (15%),Véhicules (12%),Produits chimiques (10%),Pays-Bas (15%),France (12%),Chine (20%),France (12%),B,B2,B,B,2024-04,Élevé,Oui,2020-01-31,"PNUD 2024, Banque Mondiale 2024, FMI 2024, OMC 2024, Agences notation 2024",Données 2024 complètes et validées,2024-09-16,2024,Agent_ZLECAf_2024,Fichier enrichi 2024 avec commerce international et produits détaillés
Cap-Vert,CPV,,2.1,0.6,3500,0.665,4.5,0.4,1.2,-0.8,Poissons et crustacés (85%),Chaussures (8%),Vêtements (4%),Produits alimentaires (2%),Produits chimiques (1%),Produits alimentaires (25%),Machines et équipements (20%),Carburants (15%),Véhicules (12%),Textiles (10%),Espagne (65%),Portugal (12%),Portugal (38%),Espagne (12%),B+,B1,B+,B+,2024-07,Élevé,Oui,2020-11-13,"PNUD 2024, Banque Mondiale 2024, FMI 2024, OMC 2024, Agences notation 2024",Données 2024 complètes et validées,2024-09-16,2024,Agent_ZLECAf_2024,Fichier enrichi 2024 avec commerce international et produits détaillés
Comores,COM,,1.3,0.9,1444,0.558,3.2,0.06,0.4,-0.34,Vanille (40%),Clous de girofle (25%),Ylang-ylang (15%),Coprah (10%),Poissons (10%),Produits alimentaires (35%),Machines et équipements (20%),Carburants (15%),Véhicules (10%),Textiles (8%),France (35%),Inde (20%),France (18%),Chine (15%),NR,NR,NR,B-,2024-06,Non évalué,Oui,2023-02-11,"PNUD 2024, Banque Mondiale 2024, FMI 2024, OMC 2024, Agences notation 2024",Données 2024 complètes et validées,2024-09-16,2024,Agent_ZLECAf_2024,Fichier enrichi 2024 avec commerce international et produits détaillés
Congo,COG,,14.2,5.8,2448,0.571,2.8,8.9,3.2,5.7,Pétrole brut (75%),Bois (15%),Minerais de potasse (5%),Cacao (3%),Café (2%),Machines et équipements (30%),Produits alimentaires (25%),Véhicules (15%),Produits chimiques (12%),Textiles (8%),Chine (40%),Italie (12%),France (20%),Chine (18%),B-,B3,B-,B-,2024-02,Élevé,Oui,2019-02-07,"PNUD 2024, Banque Mondiale 2024, FMI 2024, OMC 2024, Agences notation 2024",Données 2024 complètes et validées,2024-09-16,2024,Agent_ZLECAf_2024,Fichier enrichi 2024 avec commerce international et produits détaillés
Côte d’Ivoire,CIV,,78.9,28.9,2730,0.55,6.8,15.2,12.8,2.4,Cacao (35%),Pétrole raffiné (20%),Or (12%),Café (8%),Caoutchouc (7%),Pétrole brut (20%),Machines et équipements (18%),Produits alimentaires (15%),Véhicules (12%),Produits chimiques (10%),Pays-Bas (12%),États-Unis (8%),Chine (15%),Nigeria (14%),B+,Ba3,B+,B+,2024-09,Élevé,Oui,2018-11-13,"PNUD 2024, Banque Mondiale 2024, FMI 2024, OMC 2024, Agences notation 2024",Données 2024 complètes et validées,2024-09-16,2024,Agent_ZLECAf_2024,Fichier enrichi 2024 avec commerce international et produits détaillés
Djibouti,DJI,,3.9,1.1,3545,0.509,5.5,0.8,3.2,-2.4,Services de transit (60%),Sel (15%),Peaux et cuirs (10%),Café (réexportation) (8%),Poissons (7%),Produits alimentaires (30%),Machines et équipements (20%),Carburants (18%),Véhicules (12%),Produits chimiques (8%),Éthiopie (75%),Somalie (8%),Chine (20%),Émirats Arabes Unis (15%),B+,B2,B+,B+,2024-04,Élevé,Oui,2019-02-05,"PNUD 2024, Banque Mondiale 2024, FMI 2024, OMC 2024, Agences notation 2024",Données 2024 complètes et validées,2024-09-16,2024,Agent_ZLECAf_2024,Fichier enrichi 2024 avec commerce international et produits détaillés
Eswatini,SWZ,,4.7,1.2,3917,0.611,2.5,2.1,2.8,-0.7,Sucre (25%),Textiles (20%),Pâte de bois (15%),Concentrés de minerai (12%),Agrumes (10%),Machines et équipements (25%),Véhicules (18%),Produits alimentaires (15%),Carburants (12%),Produits chimiques (10%),Afrique du Sud (60%),États-Unis (8%),Afrique du Sud (80%),Chine (5%),B+,B1,B+,B+,2024-03,Élevé,Oui,2018-06-21,"PNUD 2024, Banque Mondiale 2024, FMI 2024, OMC 2024, Agences notation 2024",Données 2024 complètes et validées,2024-09-16,2024,Agent_ZLECAf_2024,Fichier enrichi 2024 avec commerce international et produits détaillés
Gabon,GAB,,20.9,2.4,8708,0.706,2.8,9.2,3.8,5.4,Pétrole brut (70%),Bois (15%),Manganèse (10%),Uranium (3%),Caoutchouc (2%),Machines et équipements (30%),Produits alimentaires (25%),Véhicules (15%),Produits chimiques (12%),Textiles (8%),Chine (35%),États-Unis (12%),France (28%),Chine (12%),B+,B1,B+,B+,2024-06,Élevé,Oui,2019-07-02,"PNUD 2024, Banque Mondiale 2024, FMI 2024, OMC 2024, Agences notation 2024",Données 2024 complètes et validées,2024-09-16,2024,Agent_ZLECAf_2024,Fichier enrichi 2024 avec commerce international et produits détaillés
Gambie,GMB,,2.1,2.6,808,0.5,4.8,0.3,1.2,-0.9,Noix de cajou (40%),Poissons (25%),Arachides (15%),Textiles (10%),Bois (5%),Produits alimentaires (30%),Machines et équipements (20%),Carburants (15%),Véhicules (12%),Textiles (10%),Chine (25%),Inde (18%),Chine (22%),Brésil (8%),B,B3,B,B,2024-02,Élevé,Oui,2019-04-11,"PNUD 2024, Banque Mondiale 2024, FMI 2024, OMC 2024, Agences notation 2024",Données 2024 complètes et validées,2024-09-16,2024,Agent_ZLECAf_2024,Fichier enrichi 2024 avec commerce international et produits détaillés
Ghana,GHA,,76.6,33.5,2287,0.632,2.8,15.8,18.2,-2.4,Or (45%),Cacao (20%),Pétrole (15%),Noix de cajou (8%),Bois (5%),Machines et équipements (20%),Produits pétroliers (18%),Véhicules (15%),Produits alimentaires (12%),Produits chimiques (10%),Inde (23%),Suisse (15%),Chine (18%),États-Unis (8%),CCC+,Caa2,CCC,CCC+,2024-09,Très Élevé,Oui,2018-05-07,"PNUD 2024, Banque Mondiale 2024, FMI 2024, OMC 2024, Agences notation 2024",Données 2024 complètes et validées,2024-09-16,2024,Agent_ZLECAf_2024,Fichier enrichi 2024 avec commerce international et produits détaillés
Guinée,GIN,,18.9,14.2,1331,0.465,5.8,5.2,4.8,0.4,Bauxite (55%),Or (25%),Diamants (8%),Café (5%),Poissons (4%),Machines et équipements (25%),Produits pétroliers (20%),Produits alimentaires (18%),Véhicules (12%),Produits chimiques (10%),Chine (35%),Inde (12%),Chine (20%),Pays-Bas (8%),B-,B3,B-,B-,2024-05,Élevé,Oui,2018-07-31,"PNUD 2024, Banque Mondiale 2024, FMI 2024, OMC 2024, Agences notation 2024",Données 2024 complètes et validées,2024-09-16,2024,Agent_ZLECAf_2024,Fichier enrichi 2024 avec commerce international et produits détaillés
Guinée équatoriale,GNQ,,12.1,1.5,8067,0.596,-2.5,8.2,2.1,6.1,Pétrole brut (85%),Gaz naturel (10%),Bois (3%),Cacao (1%),Café (1%),Machines et équipements (35%),Produits alimentaires (25%),Véhicules (15%),Produits chimiques (10%),Textiles (8%),Chine (28%),Inde (15%),Chine (18%),Espagne (15%),CCC+,Caa1,CCC+,CCC+,2024-01,Très Élevé,Oui,2019-06-28,"PNUD 2024, Banque Mondiale 2024, FMI 2024, OMC 2024, Agences notation 2024",Données 2024 complètes et validées,2024-09-16,2024,Agent_ZLECAf_2024,Fichier enrichi 2024 avec commerce international et produits détaillés
Guinée-Bissau,GNB,,1.6,2.1,762,0.483,4.2,0.4,0.6,-0.2,Noix de cajou (85%),Poissons (8%),Bois (4%),Arachides (2%),Coton (1%),Produits alimentaires (35%),Machines et équipements (20%),Carburants (15%),Véhicules (10%),Textiles (8%),Inde (75%),Vietnam (8%),Portugal (18%),Sénégal (15%),NR,NR,NR,CCC,2024-01,Non évalué,Oui,2022-08-08,"PNUD 2024, Banque Mondiale 2024, FMI 2024, OMC 2024, Agences notation 2024",Données 2024 complètes et validées,2024-09-16,2024,Agent_ZLECAf_2024,Fichier enrichi 2024 avec commerce international et produits détaillés
Kenya,KEN,,115.0,55.1,2087,0.601,5.2,7.2,19.8,-12.6,Thé (22%),Fleurs coupées (15%),Café (8%),Légumes (7%),Textiles (6%),Machines et équipements (20%),Produits pétroliers (18%),Véhicules (12%),Fer et acier (8%),Produits alimentaires (10%),États-Unis (9%),Pays-Bas (8%),Chine (21%),Inde (11%),B+,B2,B+,B+,2024-08,Élevé,Oui,2018-05-06,"PNUD 2024, Banque Mondiale 2024, FMI 2024, OMC 2024, Agences notation 2024",Données 2024 complètes et validées,2024-09-16,2024,Agent_ZLECAf_2024,Fichier enrichi 2024 avec commerce international et produits détaillés
Lesotho,LSO,,2.3,2.3,1000,0.514,2.2,1.2,2.1,-0.9,Textiles (75%),Diamants (15%),Laine (5%),Produits alimentaires (3%),Chaussures (2%),Produits alimentaires (30%),Machines et équipements (20%),Véhicules (15%),Carburants (12%),Textiles (10%),États-Unis (45%),Afrique du Sud (35%),Afrique du Sud (85%),Chine (5%),B+,B1,B+,B+,2024-04,Élevé,Oui,2020-10-20,"PNUD 2024, Banque Mondiale 2024, FMI 2024, OMC 2024, Agences notation 2024",Données 2024 complètes et validées,2024-09-16,2024,Agent_ZLECAf_2024,Fichier enrichi 2024 avec commerce international et produits détaillés
Malawi,MWI,,13.2,20.9,632,0.512,5.5,1.4,3.2,-1.8,Tabac (55%),Thé (15%),Sucre (8%),Café (7%),Légumineuses (6%),Carburants (20%),Machines et équipements (18%),Produits alimentaires (15%),Véhicules (12%),Engrais (10%),Belgique (12%),États-Unis (10%),Afrique du Sud (18%),Chine (12%),B-,B3,B-,B-,2024-02,Élevé,Oui,2020-11-01,"PNUD 2024, Banque Mondiale 2024, FMI 2024, OMC 2024, Agences notation 2024",Données 2024 complètes et validées,2024-09-16,2024,Agent_ZLECAf_2024,Fichier enrichi 2024 avec commerce international et produits détaillés
Mali,MLI,,19.9,22.6,881,0.428,4.5,4.1,5.8,-1.7,Or (75%),Coton (15%),Animaux vivants (5%),Noix de karité (3%),Sésame (2%),Machines et équipements (25%),Carburants (20%),Produits alimentaires (18%),Véhicules (12%),Produits chimiques (10%),Suisse (25%),Émirats Arabes Unis (15%),Chine (15%),Sénégal (12%),CCC+,Caa2,CCC+,CCC+,2024-01,Très Élevé,Oui,2019-01-11,"PNUD 2024, Banque Mondiale 2024, FMI 2024, OMC 2024, Agences notation 2024",Données 2024 complètes et validées,2024-09-16,2024,Agent_ZLECAf_2024,Fichier enrichi 2024 avec commerce international et produits détaillés
Maroc,MAR,,142.0,37.8,3757,0.683,3.2,38.5,56.2,-17.7,Phosphates (18%),Textiles (16%),Produits alimentaires (14%),Véhicules (12%),Produits chimiques (10%),Machines et équipements (20%),Carburants (15%),Produits alimentaires (12%),Textiles (10%),Produits chimiques (8%),Espagne (23%),France (22%),Espagne (16%),France (12%),BBB-,Ba1,BBB-,BBB-,2024-08,Modéré,Oui,2022-02-24,"PNUD 2024, Banque Mondiale 2024, FMI 2024, OMC 2024, Agences notation 2024",Données 2024 complètes et validées,2024-09-16,2024,Agent_ZLECAf_2024,Fichier enrichi 2024 avec commerce international et produits détaillés
Maurice,MUS,,16.7,1.3,12846,0.802,6.5,3.2,6.8,-3.6,Textiles (35%),Sucre (20%),Poissons (15%),Services financiers (12%),Bijoux (8%),Machines et équipements (20%),Produits pétroliers (15%),Produits alimentaires (18%),Véhicules (12%),Textiles (10%),Royaume-Uni (13%),France (12%),Chine (15%),Inde (13%),BBB+,Baa2,BBB+,BBB+,2024-09,Modéré,Oui,2019-09-30,"PNUD 2024, Banque Mondiale 2024, FMI 2024, OMC 2024, Agences notation 2024",Données 2024 complètes et validées,2024-09-16,2024,Agent_ZLECAf_2024,Fichier enrichi 2024 avec commerce international et produits détaillés
Mauritanie,MRT,,9.1,4.9,1857,0.556,4.8,3.2,2.8,0.4,Minerai de fer (40%),Or (25%),Cuivre (15%),Poissons (12%),Animaux vivants (8%),Machines et équipements (25%),Produits alimentaires (20%),Carburants (18%),Véhicules (12%),Produits chimiques (10%),Chine (35%),Suisse (12%),Chine (15%),France (12%),B+,B1,B+,B+,2024-07,Élevé,Oui,2019-01-31,"PNUD 2024, Banque Mondiale 2024, FMI 2024, OMC 2024, Agences notation 2024",Données 2024 complètes et validées,2024-09-16,2024,Agent_ZLECAf_2024,Fichier enrichi 2024 avec commerce international et produits détaillés
Mozambique,MOZ,,18.1,33.9,534,0.446,4.2,6.8,8.2,-1.4,Gaz naturel (25%),Aluminium (20%),Charbon (15%),Crevettes (12%),Noix de cajou (10%),Machines et équipements (25%),Carburants (18%),Produits alimentaires (15%),Véhicules (12%),Produits chimiques (10%),Pays-Bas (15%),Inde (12%),Afrique du Sud (18%),Chine (12%),CCC+,Caa2,CCC+,CCC+,2024-04,Très Élevé,Oui,2023-06-20,"PNUD 2024, Banque Mondiale 2024, FMI 2024, OMC 2024, Agences notation 2024",Données 2024 complètes et validées,2024-09-16,2024,Agent_ZLECAf_2024,Fichier enrichi 2024 avec commerce international et produits détaillés
Namibie,NAM,,12.4,2.6,4769,0.615,3.5,5.8,6.2,-0.4,Diamants (40%),Uranium (25%),Zinc (10%),Poissons (12%),Viande bovine (8%),Machines et équipements (25%),Carburants (15%),Produits alimentaires (18%),Véhicules (12%),Produits chimiques (10%),Afrique du Sud (25%),Botswana (15%),Afrique du Sud (45%),Chine (8%),BB-,Ba3,BB-,BB-,2024-05,Élevé,Oui,2019-01-25,"PNUD 2024, Banque Mondiale 2024, FMI 2024, OMC 2024, Agences notation 2024",Données 2024 complètes et validées,2024-09-16,2024,Agent_ZLECAf_2024,Fichier enrichi 2024 avec commerce international et produits détaillés
Niger,NER,,16.6,26.2,634,0.4,6.8,1.8,3.2,-1.4,Uranium (75%),Or (12%),Animaux vivants (8%),Légumineuses (3%),Oignons (2%),Machines et équipements (25%),Carburants (20%),Produits alimentaires (18%),Véhicules (12%),Produits chimiques (10%),France (28%),Nigeria (15%),Chine (15%),France (12%),B,B3,B,B,2024-01,Élevé,Oui,2018-05-28,"PNUD 2024, Banque Mondiale 2024, FMI 2024, OMC 2024, Agences notation 2024",Données 2024 complètes et validées,2024-09-16,2024,Agent_ZLECAf_2024,Fichier enrichi 2024 avec commerce international et produits détaillés
Nigéria,NGA,,268.5,227.9,1178,0.548,3.2,68.5,52.3,16.2,Pétrole brut (85%),Cacao (4%),Caoutchouc (3%),Noix de palme (2%),Coton (2%),Machines et équipements (20%),Produits chimiques (15%),Véhicules (12%),Produits alimentaires (18%),Textiles (8%),Inde (16%),Espagne (10%),Chine (28%),États-Unis (8%),B-,B2,B,B-,2024-09,Élevé,Oui,2020-12-03,"PNUD 2024, Banque Mondiale 2024, FMI 2024, OMC 2024, Agences notation 2024",Données 2024 complètes et validées,2024-09-16,2024,Agent_ZLECAf_2024,Fichier enrichi 2024 avec commerce international et produits détaillés
Ouganda,UGA,,48.1,48.6,990,0.544,6.2,4.8,8.2,-3.4,Café (22%),Or (18%),Thé (8%),Poissons (7%),Coton (6%),Machines et équipements (20%),Carburants (18%),Véhicules (12%),Produits alimentaires (10%),Produits chimiques (8%),Émirats Arabes Unis (58%),Kenya (9%),Chine (17%),Inde (17%),B+,B2,B+,B+,2024-07,Élevé,Oui,2018-11-20,"PNUD 2024, Banque Mondiale 2024, FMI 2024, OMC 2024, Agences notation 2024",Données 2024 complètes et validées,2024-09-16,2024,Agent_ZLECAf_2024,Fichier enrichi 2024 avec commerce international et produits détaillés
Rwanda,RWA,,13.3,13.8,964,0.534,7.8,1.5,3.8,-2.3,Café (24%),Thé (18%),Minerais de tungstène (15%),Minerais d'étain (12%),Textiles (8%),Machines et équipements (25%),Carburants (18%),Produits alimentaires (15%),Véhicules (12%),Produits chimiques (10%),RD Congo (32%),États-Unis (11%),Chine (17%),Inde (10%),B+,B1,B+,B+,2024-07,Élevé,Oui,2018-05-25,"PNUD 2024, Banque Mondiale 2024, FMI 2024, OMC 2024, Agences notation 2024",Données 2024 complètes et validées,2024-09-16,2024,Agent_ZLECAf_2024,Fichier enrichi 2024 avec commerce international et produits détaillés
République centrafricaine,CAF,,2.3,5.6,411,0.387,1.0,0.5,0.8,-0.3,Diamants (50%),Bois (25%),Café (10%),Coton (8%),Or (7%),Produits pétroliers (30%),Machines (20%),Produits alimentaires (18%),Véhicules (12%),Médicaments (8%),Belgique (30%),Chine (15%),France (20%),Cameroun (15%),CCC+,Caa2,CCC+,CCC+,2024-01,Très Élevé,Oui,2020-04-09,"PNUD 2024, Banque Mondiale 2024, FMI 2024, OMC 2024, Agences notation 2024",Données 2024 complètes et validées,2024-09-16,2024,Agent_ZLECAf_2024,Fichier enrichi 2024 avec commerce international et produits détaillés
République démocratique du Congo,COD,,69.5,102.3,679,0.457,6.2,21.8,9.5,12.3,Cuivre (45%),Cobalt (25%),Diamants (15%),Or (8%),Pétrole brut (7%),Machines et équipements (25%),Produits alimentaires (20%),Carburants (15%),Véhicules (12%),Produits chimiques (10%),Chine (45%),Zambie (8%),Chine (22%),Afrique du Sud (8%),CCC+,Caa2,CCC+,CCC+,2024-05,Très Élevé,Oui,2022-01-28,"PNUD 2024, Banque Mondiale 2024, FMI 2024, OMC 2024, Agences notation 2024",Données 2024 complètes et validées,2024-09-16,2024,Agent_ZLECAf_2024,Fichier enrichi 2024 avec commerce international et produits détaillés
Sao Tomé-et-Principe,STP,,0.5,0.2,2500,0.618,3.5,0.02,0.15,-0.13,Cacao (75%),Café (15%),Coprah (5%),Poissons (3%),Re-exportations (2%),Produits alimentaires (40%),Machines et équipements (20%),Carburants (15%),Véhicules (10%),Textiles (8%),Pays-Bas (27%),Belgique (18%),Portugal (55%),Angola (15%),B+,B2,B+,B+,2024-03,Élevé,Oui,2019-05-28,"PNUD 2024, Banque Mondiale 2024, FMI 2024, OMC 2024, Agences notation 2024",Données 2024 complètes et validées,2024-09-16,2024,Agent_ZLECAf_2024,Fichier enrichi 2024 avec commerce international et produits détaillés
Seychelles,SYC,,1.7,0.1,17000,0.785,4.2,0.6,1.1,-0.5,Poissons (85%),Cannelle (8%),Coprah (4%),Vanille (2%),Re-exportations (1%),Produits alimentaires (25%),Machines et équipements (20%),Carburants (15%),Véhicules (12%),Produits chimiques (10%),Émirats Arabes Unis (16%),France (13%),Émirats Arabes Unis (13%),France (12%),B+,B1,B+,B+,2024-06,Élevé,Oui,2021-07-08,"PNUD 2024, Banque Mondiale 2024, FMI 2024, OMC 2024, Agences notation 2024",Données 2024 complètes et validées,2024-09-16,2024,Agent_ZLECAf_2024,Fichier enrichi 2024 avec commerce international et produits détaillés
Sierra Leone,SLE,,4.1,8.6,477,0.477,3.2,1.8,2.2,-0.4,Minerai de fer (45%),Diamants (25%),Rutile (12%),Cacao (8%),Café (5%),Machines et équipements (25%),Carburants (18%),Produits alimentaires (20%),Véhicules (12%),Produits chimiques (10%),Chine (52%),Belgique (18%),Chine (11%),États-Unis (8%),B-,B3,B-,B-,2024-02,Élevé,Oui,2019-04-19,"PNUD 2024, Banque Mondiale 2024, FMI 2024, OMC 2024, Agences notation 2024",Données 2024 complètes et validées,2024-09-16,2024,Agent_ZLECAf_2024,Fichier enrichi 2024 avec commerce international et produits détaillés
Sénégal,SEN,,29.6,18.4,1609,0.511,8.2,4.2,8.8,-4.6,Or (25%),Poissons (20%),Phosphates (15%),Arachides (12%),Produits pétroliers (10%),Produits pétroliers (20%),Machines et équipements (18%),Produits alimentaires (15%),Véhicules (12%),Produits chimiques (10%),Mali (15%),Suisse (12%),France (16%),Chine (10%),B+,Ba3,B+,B+,2024-09,Élevé,Oui,2019-03-12,"PNUD 2024, Banque Mondiale 2024, FMI 2024, OMC 2024, Agences notation 2024",Données 2024 complètes et validées,2024-09-16,2024,Agent_ZLECAf_2024,Fichier enrichi 2024 avec commerce international et produits détaillés
Tanzanie,TZA,,75.7,63.6,1190,0.549,5.2,8.2,12.8,-4.6,Or (40%),Café (8%),Noix de cajou (7%),Tabac (6%),Coton (5%),Machines et équipements (20%),Carburants (18%),Véhicules (12%),Produits alimentaires (10%),Produits chimiques (8%),Inde (20%),Afrique du Sud (12%),Chine (17%),Inde (15%),B+,B2,B+,B+,2024-08,Élevé,Oui,2022-01-17,"PNUD 2024, Banque Mondiale 2024, FMI 2024, OMC 2024, Agences notation 2024",Données 2024 complètes et validées,2024-09-16,2024,Agent_ZLECAf_2024,Fichier enrichi 2024 avec commerce international et produits détaillés
Tchad,TCD,,18.6,17.7,1051,0.394,2.5,4.2,3.1,1.1,Pétrole brut (85%),Coton (8%),Animaux vivants (4%),Gomme arabique (2%),Sésame (1%),Machines et équipements (30%),Produits alimentaires (20%),Véhicules (15%),Produits chimiques (12%),Textiles (8%),États-Unis (38%),Chine (18%),Chine (20%),Cameroun (15%),CCC,Caa3,CCC,CCC,2024-03,Très Élevé,Oui,2018-06-29,"PNUD 2024, Banque Mondiale 2024, FMI 2024, OMC 2024, Agences notation 2024",Données 2024 complètes et validées,2024-09-16,2024,Agent_ZLECAf_2024,Fichier enrichi 2024 avec commerce international et produits détaillés
Togo,TGO,,8.3,8.6,965,0.539,5.8,1.8,2.8,-1.0,Phosphates (30%),Coton (25%),Cacao (15%),Café (10%),Noix de karité (8%),Machines et équipements (25%),Carburants (20%),Produits alimentaires (15%),Véhicules (12%),Textiles (10%),Burkina Faso (16%),Bénin (12%),Chine (27%),France (8%),B,B3,B,B,2024-04,Élevé,Oui,2019-01-09,"PNUD 2024, Banque Mondiale 2024, FMI 2024, OMC 2024, Agences notation 2024",Données 2024 complètes et validées,2024-09-16,2024,Agent_ZLECAf_2024,Fichier enrichi 2024 avec commerce international et produits détaillés
Tunisie,TUN,,48.3,12.0,4025,0.731,1.2,19.8,22.2,-2.4,Textiles (19%),Machines électriques (15%),Huile d'olive (8%),Phosphates (7%),Pétrole raffiné (6%),Machines et équipements (20%),Textiles (15%),Carburants (12%),Produits alimentaires (10%),Produits chimiques (8%),France (29%),Italie (16%),France (20%),Italie (16%),B-,B3,B-,B-,2024-06,Élevé,Oui,2020-09-07,"PNUD 2024, Banque Mondiale 2024, FMI 2024, OMC 2024, Agences notation 2024",Données 2024 complètes et validées,2024-09-16,2024,Agent_ZLECAf_2024,Fichier enrichi 2024 avec commerce international et produits détaillés
Zambie,ZMB,,26.7,20.0,1335,0.565,5.8,12.2,8.8,3.4,Cuivre (70%),Cobalt (10%),Or (5%),Tabac (4%),Sucre (3%),Machines et équipements (25%),Carburants (15%),Produits alimentaires (12%),Véhicules (10%),Produits chimiques (8%),Suisse (44%),Chine (16%),Afrique du Sud (28%),Chine (16%),CCC+,Caa2,CCC+,CCC+,2024-05,Très Élevé,Oui,2021-01-28,"PNUD 2024, Banque Mondiale 2024, FMI 2024, OMC 2024, Agences notation 2024",Données 2024 complètes et validées,2024-09-16,2024,Agent_ZLECAf_2024,Fichier enrichi 2024 avec commerce international et produits détaillés
Zimbabwe,ZWE,,31.0,16.3,1902,0.593,3.5,6.2,5.8,0.4,Or (45%),Tabac (15%),Platine (12%),Ferrochrome (10%),Diamants (8%),Machines et équipements (25%),Carburants (15%),Produits alimentaires (18%),Véhicules (10%),Produits chimiques (8%),Émirats Arabes Unis (40%),Afrique du Sud (23%),Afrique du Sud (46%),Singapour (15%),CC,C,CC,CC,2024-03,Très Élevé,Oui,2019-04-25,"PNUD 2024, Banque Mondiale 2024, FMI 2024, OMC 2024, Agences notation 2024",Données 2024 complètes et validées,2024-09-16,2024,Agent_ZLECAf_2024,Fichier enrichi 2024 avec commerce international et produits détaillés
Égypte,EGY,,348.0,114.5,3039,0.731,3.8,42.5,78.9,-36.4,Pétrole et gaz naturel (25%),Produits chimiques (15%),Textiles (12%),Produits alimentaires (10%),Or (8%),Machines et équipements (20%),Produits alimentaires (18%),Carburants (15%),Fer et acier (10%),Produits chimiques (12%),Italie (8%),États-Unis (7%),Chine (13%),États-Unis (8%),B,B2,B,B,2024-08,Élevé,Oui,2019-02-27,"PNUD 2024, Banque Mondiale 2024, FMI 2024, OMC 2024, Agences notation 2024",Données 2024 complètes et validées,2024-09-16,2024,Agent_ZLECAf_2024,Fichier enrichi 2024 avec commerce international et produits détaillés
Éthiopie,ETH,,156.1,126.5,1234,0.498,7.2,7.8,18.5,-10.7,Café (30%),Or (15%),Graines oléagineuses (12%),Fleurs coupées (10%),Légumineuses (8%),Machines et équipements (20%),Carburants (18%),Véhicules (15%),Produits alimentaires (12%),Produits chimiques (10%),États-Unis (16%),Allemagne (12%),Chine (16%),États-Unis (11%),B,B2,B,B,2024-07,Élevé,Oui,2019-03-23,"PNUD 2024, Banque Mondiale 2024, FMI 2024, OMC 2024, Agences notation 2024",Données 2024 complètes et validées,2024-09-16,2024,Agent_ZLECAf_2024,Fichier enrichi 2024 avec commerce international et produits détaillés
